<?xml version="1.0" encoding="UTF-8"?>
<project-private xmlns="http://www.netbeans.org/ns/project-private/1">
    <editor-bookmarks xmlns="http://www.netbeans.org/ns/editor-bookmarks/2" lastBookmarkId="0"/>
    <open-files xmlns="http://www.netbeans.org/ns/projectui-open-files/2">
        <group>
            <file>file:/C:/Users/SAKTHIMICRO%20SYSTEM/Documents/NetBeansProjects/FinalHibernate/web/redirect.jsp</file>
            <file>file:/C:/Users/SAKTHIMICRO%20SYSTEM/Documents/NetBeansProjects/FinalHibernate/src/java/runner/EditItem.java</file>
            <file>file:/C:/Users/SAKTHIMICRO%20SYSTEM/Documents/NetBeansProjects/FinalHibernate/web/Edit/addItem.jsp</file>
            <file>file:/C:/Users/SAKTHIMICRO%20SYSTEM/Documents/NetBeansProjects/FinalHibernate/web/Edit/getItem.jsp</file>
            <file>file:/C:/Users/SAKTHIMICRO%20SYSTEM/Documents/NetBeansProjects/FinalHibernate/src/java/Store.hbm.xml</file>
            <file>file:/C:/Users/SAKTHIMICRO%20SYSTEM/Documents/NetBeansProjects/FinalHibernate/web/stock_items.jsp</file>
            <file>file:/C:/Users/SAKTHIMICRO%20SYSTEM/Documents/NetBeansProjects/FinalHibernate/web/WEB-INF/applicationContext.xml</file>
            <file>file:/C:/Users/SAKTHIMICRO%20SYSTEM/Documents/NetBeansProjects/FinalHibernate/web/WEB-INF/web.xml</file>
            <file>file:/C:/Users/SAKTHIMICRO%20SYSTEM/Documents/NetBeansProjects/FinalHibernate/src/java/hibernate.cfg.xml</file>
            <file>file:/C:/Users/SAKTHIMICRO%20SYSTEM/Documents/NetBeansProjects/FinalHibernate/src/java/User.hbm.xml</file>
            <file>file:/C:/Users/SAKTHIMICRO%20SYSTEM/Documents/NetBeansProjects/FinalHibernate/src/java/hibernate.reveng.xml</file>
            <file>file:/C:/Users/SAKTHIMICRO%20SYSTEM/Documents/NetBeansProjects/FinalHibernate/src/java/entities/User.java</file>
            <file>file:/C:/Users/SAKTHIMICRO%20SYSTEM/Documents/NetBeansProjects/FinalHibernate/web/index.jsp</file>
            <file>file:/C:/Users/SAKTHIMICRO%20SYSTEM/Documents/NetBeansProjects/FinalHibernate/src/java/entities/ItemDetails.java</file>
            <file>file:/C:/Users/SAKTHIMICRO%20SYSTEM/Documents/NetBeansProjects/FinalHibernate/src/java/runner/register.java</file>
            <file>file:/C:/Users/SAKTHIMICRO%20SYSTEM/Documents/NetBeansProjects/FinalHibernate/web/editItem.jsp</file>
            <file>file:/C:/Users/SAKTHIMICRO%20SYSTEM/Documents/NetBeansProjects/FinalHibernate/web/update.jsp</file>
            <file>file:/C:/Users/SAKTHIMICRO%20SYSTEM/Documents/NetBeansProjects/FinalHibernate/web/WEB-INF/dispatcher-servlet.xml</file>
            <file>file:/C:/Users/SAKTHIMICRO%20SYSTEM/Documents/NetBeansProjects/FinalHibernate/web/Edit/updateItem.jsp</file>
            <file>file:/C:/Users/SAKTHIMICRO%20SYSTEM/Documents/NetBeansProjects/FinalHibernate/web/login.html</file>
            <file>file:/C:/Users/SAKTHIMICRO%20SYSTEM/Documents/NetBeansProjects/FinalHibernate/web/WEB-INF/jsp/index.jsp</file>
            <file>file:/C:/Users/SAKTHIMICRO%20SYSTEM/Documents/NetBeansProjects/FinalHibernate/src/java/ItemDetails.hbm.xml</file>
            <file>file:/C:/Users/SAKTHIMICRO%20SYSTEM/Documents/NetBeansProjects/FinalHibernate/web/registration.html</file>
        </group>
    </open-files>
</project-private>
