<?xml version="1.0" encoding="UTF-8"?>
<!DOCTYPE hibernate-mapping PUBLIC "-//Hibernate/Hibernate Mapping DTD 3.0//EN" "http://www.hibernate.org/dtd/hibernate-mapping-3.0.dtd">
<!-- Generated Jun 29, 2019 3:25:32 PM by Hibernate Tools 4.3.1 -->
<hibernate-mapping>
  <class catalog="jewellary" name="entities.ItemDetails" optimistic-lock="version" table="item_details">
    <id name="itemId" type="java.lang.Integer">
      <column name="item_id"/>
      <generator class="identity"/>
    </id>
    <property name="itemName" type="string">
      <column length="50" name="item_name"/>
    </property>
    <property name="itemType" type="string">
      <column length="50" name="item_type"/>
    </property>
    <property name="material" type="string">
      <column length="50" name="material"/>
    </property>
    <property name="weight" type="java.lang.Float">
      <column name="weight" precision="12" scale="0"/>
    </property>
    <property name="price" type="java.lang.Float">
      <column name="price" precision="12" scale="0"/>
    </property>
  </class>
</hibernate-mapping>
