<?xml version="1.0" encoding="UTF-8"?>
<!DOCTYPE hibernate-mapping PUBLIC "-//Hibernate/Hibernate Mapping DTD 3.0//EN" "http://www.hibernate.org/dtd/hibernate-mapping-3.0.dtd">
<!-- Generated Jun 29, 2019 3:25:32 PM by Hibernate Tools 4.3.1 -->
<hibernate-mapping>
  <class catalog="jewellary" name="entities.Orders" optimistic-lock="version" table="orders">
    <id name="orderId" type="java.lang.Integer">
      <column name="order_id"/>
      <generator class="identity"/>
    </id>
    <property name="itemId" type="int">
      <column name="item_id" not-null="true"/>
    </property>
    <property name="userId" type="int">
      <column name="user_id" not-null="true"/>
    </property>
    <property name="qty" type="java.lang.Integer">
      <column name="qty"/>
    </property>
    <property name="totalPrice" type="java.lang.Float">
      <column name="total_price" precision="12" scale="0"/>
    </property>
  </class>
</hibernate-mapping>
