<?xml version="1.0" encoding="UTF-8"?>
<!DOCTYPE hibernate-mapping PUBLIC "-//Hibernate/Hibernate Mapping DTD 3.0//EN" "http://www.hibernate.org/dtd/hibernate-mapping-3.0.dtd">
<!-- Generated Jun 29, 2019 3:25:32 PM by Hibernate Tools 4.3.1 -->
<hibernate-mapping>
  <class catalog="jewellary" name="entities.Store" optimistic-lock="version" table="store">
    <id name="id" type="java.lang.Integer">
      <column name="id"/>
      <generator class="identity"/>
    </id>
    <property name="itemId" type="string">
      <column length="20" name="item_id" not-null="true"/>
    </property>
    <property name="itemType" type="string">
      <column length="20" name="item_type" not-null="true"/>
    </property>
    <property name="itemNo" type="int">
      <column name="item_no" not-null="true"/>
    </property>
    <property name="price" type="double">
      <column name="price" not-null="true" precision="22" scale="0"/>
    </property>
    <property name="weight" type="double">
      <column name="weight" not-null="true" precision="22" scale="0"/>
    </property>
  </class>
</hibernate-mapping>
