<?xml version="1.0" encoding="UTF-8"?>
<!DOCTYPE hibernate-mapping PUBLIC "-//Hibernate/Hibernate Mapping DTD 3.0//EN" "http://www.hibernate.org/dtd/hibernate-mapping-3.0.dtd">
<!-- Generated Jun 29, 2019 3:25:32 PM by Hibernate Tools 4.3.1 -->
<hibernate-mapping>
  <class catalog="jewellary" name="entities.User" optimistic-lock="version" table="user">
    <id name="userId" type="java.lang.Integer">
      <column name="user_id"/>
      <generator class="identity"/>
    </id>
    <property name="firstName" type="string">
      <column length="100" name="firstName" not-null="true"/>
    </property>
    <property name="lastName" type="string">
      <column length="100" name="lastName" not-null="true"/>
    </property>
    <property name="email" type="string">
      <column length="100" name="Email" not-null="true"/>
    </property>
    <property name="address" type="string">
      <column length="100" name="address"/>
    </property>
    <property name="userName" type="string">
      <column length="30" name="user_name"/>
    </property>
    <property name="gender" type="string">
      <column length="10" name="gender"/>
    </property>
    <property name="passowrd" type="string">
      <column length="50" name="passowrd"/>
    </property>
  </class>
</hibernate-mapping>
